slug,title,department_slug,project_slug,status,description,responsibilities,common_deliverables,qualities,application_deadline,application_link,core_application_link,head_application_link
chinese-new-year-cons,Concessionaires (CONS),,chinese-new-year,closed,The Concessionaires committee handles everything to do with concessionaires for the project.,"Responsible for looking for concessionaires, communicating with them, and addressing their questions and concerns.
Responsible for ensuring that both sides of the agreement are met and that information relevant to specific individuals/groups in the project is relayed promptly and accurately.","Making a database of potential concessionaires
Contacting potential concessionaires through email and other means
Detailing packages for concessionaires
Processing certain files/contracts/documents
Processing payments from concessionaires
Coordinating with other committees (i.e., LOG) regarding concessionaires' products, etc.","Communication and negotiation skills
Persistence
Familiarity with mail merge",,,,
chinese-new-year-dc,Digital Creatives (DC),,chinese-new-year,closed,"The Digital Creatives committee designs the visual identity of the project in the form of its promotions and other published materials. As such, much of their work is done prior to the project proper.","Responsible for the conceptualization and execution of creative digital promotions through outputs such as posters, GIFs, etc.
Responsible for conceptualizing content that will aid in the promotion of the event, such as DP shoots and posters (alongside DOCPUB and PROD).
Responsible for ensuring that all visual materials used in the project will have a consistent style/branding.
Must adhere to the branding of Celadon as presented in the official branding manual and project brand book.","Branding guide for the project - includes color scheme, font families, elements used in publicity material
Publicity Materials (PubMats) - DPs, Posters, GIFs, Primers, etc.
PPT template (for PROG)
Frame template for Photos (for DOCPUB)
Skins for live streams (for LOG)","Familiarity with Canva, Adobe Photoshop, Illustrator, etc., and basic graphic design principles.
Creative - able to ideate new and unique promotions.
Disciplined - able to keep up with deadlines and avoid cramming.
Consistent - able to stick to the branding of the project and maintain good quality of work.",,,,
chinese-new-year-deliveries,Deliveries,,chinese-new-year,closed,The Deliveries committee handles everything to do with on-site deliveries of the project.,Responsible for tracking the delivery status of products and delivering them to customers.,"Ideate and create delivery spiels for customers
Recruit volunteers to aid in the delivery of products
Manage onsite deliveries and trackers in partnership with the Operations committee","Upbeat demeanor and ability to make deliveries engaging for recipients
Ability to adapt and improvise to customer needs
Organized and able to note down delivery status consistently and accurately
Active onsite presence and ability to complete numerous shifts",,,,
chinese-new-year-docpub,Documentation & Publications (DOCPUB),,chinese-new-year,closed,"The Documentation and Publications committee handles the photo, video, and writing-related outputs of the project. Most of their work is done during and after the project proper, though some work (photoshoots/videoshoots, writing spiels for publicity materials) happens beforehand. Work is often delegated across the committee according to each member's preference and capabilities.","Responsible for conceptualizing content that will aid in the promotion of the event, usually but not limited to DPs, video content, and photo/video-related pubs.
Responsible for writing copy to support promotional materials.
Responsible for event documentation during the project proper and editing after the project proper.
Outputs created by DOCPUB must adhere to the project's branding guide as well as Celadon's official branding.","Photos: event photos, DP blast photoshoots, post-processing photos
Videos: teaser videos, promotional reels, post-event recap
Writing: captions or spiels for promotional posts, articles","Familiarity with camera equipment and photo/video editing software.
Familiarity with copywriting techniques.
Open to criticism and feedback that may lead to revisions.
A keen eye for identifying and executing suitable aesthetics for individual outputs.
Disciplined - able to complete deliverables on time and stay focused on the job.",,,,
chinese-new-year-exrel,External Relations (EXREL),,chinese-new-year,closed,"The External Relations committee handles the project's external stakeholders, more specifically, those whose agreements involve money. As such, the bulk of their work is done prior to the project proper.","Responsible for contacting and negotiating with sponsors for the project.
Responsible for ensuring that both sides of the agreement are met and that information relevant to specific individuals/groups in the project is relayed promptly and accurately.","Drafting the Memorandum of Agreement (MOA) to suit the needs of the project
Contacting potential sponsors for the project through email and other means
Negotiating with potential sponsors to reach an agreement
Processing files such as the Memorandum of Agreement (MOA), etc.
Keeping track of requirements of the agreement (e.g., likes, shares, logo placement, etc.)
Informing certain parties (e.g., Project Managers, PROG, etc.) about requirements relevant to them","Communication and negotiation skills
Persistence
Familiarity with mail merge (e.g., Mail Meteor)
Detail-oriented",,,,
chinese-new-year-faci-vols,Facilitators/Volunteers (FACI/VOLS),,chinese-new-year,closed,The Facilitators/Volunteers committee is in charge of handling facilitators or volunteers. Much of their work is done prior to the project and during the project proper. They work closely with Programs to communicate all relevant information to facilitators/volunteers.,"(FACI) Responsible for training facilitators, motivating them, and managing them during the project proper (with help from HR EBCB).
(VOLS) Responsible for briefing volunteers on their tasks.
Responsible for ensuring that facilitators/volunteers are sufficiently prepared and have all necessary materials.
Responsible for communicating with REC&SEC regarding the recruitment of facilitators/volunteers.","Faci cheat sheet/guide
Volunteers' general assembly
Facilitator training sessions
Participating in dry runs
Keeping facilitators/volunteers updated
Pre-event briefing
Post-event debriefing","(FACI) Experience being a facilitator
Communication skills",,,,
chinese-new-year-fr,Fundraising (FR),,chinese-new-year,closed,The Fundraising committee enables the project to happen by supplementing the project's budget with the profits from fundraising initiatives.,"Responsible for brainstorming and planning different ways to raise money for the project and ideating new, innovative, and attractive fundraising concepts.
Responsible for keeping track of cash flows for all fundraising activities and transferring the profits to where they are needed (typically to LOG).
Responsible for manning the fundraising booth or online store in a manner that complies with proper business ethics.","Fundraising initiatives
Financial tracker for cash flows
Buying and selling online (e.g., Ateneo Trade)
Tracking expenses, revenues, and profits
Creating promotional material for fundraising initiatives
Team ideating and research
Finding concessionaires for initiatives (depends on the project)","Enterprising spirit - enjoys earning money
Tenacity
Familiarity with the online marketplace
Keen eye for relevant trends and products in the market
Proactivity
Communication and persuasion skills",,,,
chinese-new-year-log,Logistics (LOG),,chinese-new-year,closed,The Logistics committee works behind the scenes to make the project happen.,"Responsible for securing the platform/venues for the project and all other required materials (e.g., prizes).
Responsible for movement/mobilization of people and goods.
Works closely with PROG to implement the program flow.","Sourcing/purchasing materials needed by the project
Securing the rooms (through forms), items, and other materials needed for the project proper.
Delivering the items to the necessary places.
Conceptualizing venue layout together with the Production Design Committee.
Arriving early on the event day to set up the booth/room/hall and packing up all the items and materials afterwards.
Ensuring that the movement of participants remains smooth.
Purchasing and handling the delivery of prizes or tokens of appreciation to participants.","Has the knowledge on how to secure rooms and purchase items or materials needed.
Alert - aware of everything that's going on and able to react quickly under pressure.",,,,
chinese-new-year-ops,Operations (OPS),,chinese-new-year,closed,The Operations committee oversees money-related transactions between Celadon and 3rd parties and creates systems and processes to facilitate the smooth flow of operations.,"Oversee money-related transactions between Celadon and 3rd parties.
Create systems and processes to facilitate the smooth flow of operations.","Create and program spreadsheets that monitor and log actions taken for an event (online and onsite sales of a product, remaining inventory of resources, etc.)
Create Google Forms for ordering processes
Manage onsite inventory and the pick-ups of online orders","Ability to design and program Excel spreadsheets
Detail oriented",,,,
chinese-new-year-prod,Production Design (PROD),,chinese-new-year,closed,"The Production Design committee is in charge of planning and executing the physical promotions for projects (in collaboration with PROG or other core team committees). The team utilizes current trends to not only improve publicity for projects but also provide entertainment and increase engagement (e.g., a quick game with varying prizes done prior to the event).","Responsible for ensuring that all kinds of promotional materials will not cause any detriment to anyone involved in the execution.
Responsible for ideating and creating props and items that will be physically utilized in a given project.
Responsible for the ideation and execution of the event design of a given onsite project.
Outputs created by PROD must adhere to the project's branding guidelines and Celadon's official branding.","Promotional plan - communicating with PROG to determine the specific onsite gimmicks to be executed.
Creating props for the project (if applicable)
Booth design/venue layout - plan the designs and physical props to be used on the booth or venue.
Communicating with DOCPUB to arrange DP shoots, ideate set design, and execute the vision.","Up-to-date - aware of marketing themes and gimmicks that can be applied to projects through onsite/physical craft/execution.
Creative - able to think of unique ways to design a given layout given available resources.
Resourceful - able to find ways to execute plans and gather materials in case of contingencies.
Diligent - able to execute all deliverables on time.
Sustainable - able to think of ways to reuse old materials and make designs reusable in the future.",,,,
chinese-new-year-prog,Programs (PROG),,chinese-new-year,closed,"The Programs committee makes up the core of most projects as their outputs typically manifest in the bulk of the project/event. Given this, the programs committee must always keep the project's participants/attendees in mind when designing the program and working on their other tasks/deliverables.","Responsible for conceptualizing and implementing the program of the project.
Responsible for the smooth running of the program throughout the event, ensuring that the project starts and ends on time, and that the participants/attendees are engaged and having fun.
Most of the work takes place before and during the project proper.","Program Flow (typically details time, duration, and what's going on at that time)
Operation Schedule (OpSched) (goes into greater detail than the program flow and may include materials needed, people involved, point persons, notes, etc.)
Invitation of Performers/Hosts/Speakers
Hosts' Script
PPT presentations (alongside Digital Creatives)
Modules consisting of activities such as icebreakers, games, etc.
Content for promotions (i.e., gimmicks, raffles, etc.)
Certificates & Tokens of Appreciation for Performers/Speakers/Hosts
Score trackers
Handling dry runs
Module cheat sheet/guide","Creative - able to think out of the box
Culturally Knowledgeable - able to apply cultural aspects to outputs
Quick-witted - able to adapt to changes quickly
Communication skills - able to relay information to/from multiple parties clearly",,,,
chinese-new-year-recsec,Recruitment & Secretariat (RECSEC),,chinese-new-year,closed,"The Recruitment and Secretariat committee works all throughout the project planning and execution phase to manage the recruitment, registration, and evaluation processes of the project. Also known as Recruitment & Strategy (RECSTRAT) when taking a more proactive, outreach-focused approach to recruitment.","Responsible for handling the recruitment of participants, facilitators, etc., depending on the nature of the project.
Responsible for the registration and post-project evaluation files.
Responsible for recruiting ambassadors (within and outside Celadon) and managing them.","Registration Forms/Sheets
Early Departure, Tardiness, and Absence Forms (EDTAFs)
Directory of participants' information
Sending invitations to participants (e.g., professors for TAW)
Interviewing participants/facilitators
Making groupings of participants
Handling movement of participants to (breakout) rooms during the event (alongside LOG)
Recruiting and managing project ambassadors
(Onsite) First touchpoints of participants; responsible for the registration booths.
(Onsite) Checking that participants have all the necessary documents needed to enter the event (Blue Pass, CAR Form, Health Kit, etc.).","Organized
Communication skills
Familiarity with Google Sheets and Forms",,,,
chinese-new-year-sales,Sales,,chinese-new-year,closed,The Sales committee handles everything to do with on-site sales of the project.,"Responsible for logging down orders and tracking sales using the tracking system.
Responsible for managing the on-site selling booth and marketing the products to customers during the on-site selling period.
Responsible for monitoring and ensuring the respectful and proper conduct of on-site selling matters.
Adapts to on-site selling circumstances to minimize losses and maximize sales.","Ideate strategies to attract attention towards products or services and bring them to customers
Layout of the assortment of products during onsite selling to maximize market reach and attention
Sign up for shifts in managing onsite selling booths
Roving with products to expand reach","Strong understanding of products and their value to customers for selling
Basic knowledge of starting and closing deals with customers
Persistence to make sales
Ability to adapt and improvise to customer needs
Capability to handle finances responsibly and note down sales consistently
Active onsite presence and ability to complete numerous shifts",,,,
commpub-digital-creatives,Digital Creatives Deputy,commpub,,closed,"Digital designs, publicity materials (pubs), logos, and other digital creative outputs.",,,,,,,
commpub-photos,Photos Deputy,commpub,,closed,"Event documentation, DP shoots, photo shoots, and photo albums.",,,,,,,
commpub-production-design,Production Design Deputy,commpub,,closed,"Physical designs, crafts, props, and event design/decor.",,,,,,,
commpub-videos,Videos Deputy,commpub,,closed,"Event documentation, video shoots, and video outputs (TikToks, reels, post-event videos, music videos).",,,,,,,
commpub-writing,Writing Deputy,commpub,,closed,"Spiels, articles, and other written outputs.",,,,,,,
cul-trainee,CUL Trainee,cul,,closed,"CUL Trainees learn project management skills, foster cultural sensitivity, and develop a knack for cultural discourse. Down the line, trainees are given a path toward further leadership within the department.","Spearhead the planning and execution of CUL Mini-events (e.g., workshops, talks).
Contribute to CUL projects by heading core team committees.
Spend time around Celadon projects outside the department to meet others and learn the ropes.",,"Leaders with a love for the Chinese-Filipino culture who wish to share it with the wider community.
Individuals who are passionate and want to enhance their project management skills.",,,,
exrel-associate,EXREL Associate,exrel,,closed,"EXREL Associates serve as the official liaison of Ateneo Celadon towards external organizations and corporations. They aim to provide value to both internal and external stakeholders of the organization through sustainable and mutually beneficial partnerships, and seek to generate, develop, and maintain the organization's relationships and networks.","Deployed and tasked with managing and handling the interdepartmental EXREL systems.
Navigate and organize the Project Masterfile for different projects, including drafting Marketing Package (MP) prices and benefit inclusions.
Draft Memorandum of Agreements (MOA) for signing.
Assist in email blasts and negotiating with partners.
Assist in sharing and accomplishing benefits and responsibilities under sponsorship agreements.
Assist in accomplishing requirements from the Office of Food Safety and Quality Assurance (OFSQA) and similar bodies.",,"Determined to accomplish tasks and goals
Organized and has good time management
Communicative and open
Able to handle rejection well",,,,
fin-mit,FIN Manager-in-Training (MIT),fin,,closed,"An MIT (Manager-in-Training) is what the Financial Affairs Department calls its deputies, since MITs are being trained and groomed to grow into future FIN managers. MITs are deployed to projects within and outside the department.","Operations track - manage inventory and financial tracking through Google Sheets and Forms, sharpening organizational skills.
Logistics track - handle venue reservations, procurement, and manpower, building skills in time management and supplier coordination.
Sales track - market products, engage with customers, and record transactions, developing interpersonal skills.
Fundraising track - lead small-scale fundraisers to provide the deployed project with an additional source of revenue.
Track expenses and collect receipts as part of FIN's systems responsibilities.",,"Wants to manage various projects financially
Wants to help raise funds for the organization
Wants to learn more about business-related skills
Wants to experience financial management
Can thrive in high-pressure environments",,,,
hr-simp-deputy,Strategic Impact Deputy (SIMP),hr,,closed,"Strategic Impact Deputies (SIMP) work directly with the HR SIMP Managers in executing several mini-projects throughout the academic year, including but not limited to hobby groups, mahjong mixers, and Celadon parties.","Ideation of mini-project concepts.
Handling logistics for mini-projects.
Coordinating manpower for mini-projects.
Marketing mini-projects to the org.",,"People-oriented and genuinely enjoys connecting with others
Proactive, flexible, and takes initiative
Works well in a team and communicates clearly
Willing to plan impactful HR initiatives that focus on membership development
Skilled at empathizing and understanding people",,,,
hr-systems-deputy,HR Systems Deputy,hr,,closed,"HR Systems Deputies work directly with the HR Systems Managers in processing HR services and enforcing safe spaces within the organization, and are deployed to Celadon projects as HR representatives.","Promoting the department's services (LOA, resignation, and complaint filing).
Monitoring committee welfare and rapport.
Acting as liaisons for the HR Systems Managers.",,"People-oriented and genuinely enjoys connecting with others
Proactive, flexible, and takes initiative
Works well in a team and communicates clearly
Willing to plan impactful HR initiatives that focus on membership development
Skilled at empathizing and understanding people",,,,
jade-business-summit-cons,Concessionaires (CONS),,jade-business-summit,closed,The Concessionaires committee handles everything to do with concessionaires for the project.,"Responsible for looking for concessionaires, communicating with them, and addressing their questions and concerns.
Responsible for ensuring that both sides of the agreement are met and that information relevant to specific individuals/groups in the project is relayed promptly and accurately.","Making a database of potential concessionaires
Contacting potential concessionaires through email and other means
Detailing packages for concessionaires
Processing certain files/contracts/documents
Processing payments from concessionaires
Coordinating with other committees (i.e., LOG) regarding concessionaires' products, etc.","Communication and negotiation skills
Persistence
Familiarity with mail merge",,,,
jade-business-summit-dc,Digital Creatives (DC),,jade-business-summit,closed,"The Digital Creatives committee designs the visual identity of the project in the form of its promotions and other published materials. As such, much of their work is done prior to the project proper.","Responsible for the conceptualization and execution of creative digital promotions through outputs such as posters, GIFs, etc.
Responsible for conceptualizing content that will aid in the promotion of the event, such as DP shoots and posters (alongside DOCPUB and PROD).
Responsible for ensuring that all visual materials used in the project will have a consistent style/branding.
Must adhere to the branding of Celadon as presented in the official branding manual and project brand book.","Branding guide for the project - includes color scheme, font families, elements used in publicity material
Publicity Materials (PubMats) - DPs, Posters, GIFs, Primers, etc.
PPT template (for PROG)
Frame template for Photos (for DOCPUB)
Skins for live streams (for LOG)","Familiarity with Canva, Adobe Photoshop, Illustrator, etc., and basic graphic design principles.
Creative - able to ideate new and unique promotions.
Disciplined - able to keep up with deadlines and avoid cramming.
Consistent - able to stick to the branding of the project and maintain good quality of work.",,,,
jade-business-summit-deliveries,Deliveries,,jade-business-summit,closed,The Deliveries committee handles everything to do with on-site deliveries of the project.,Responsible for tracking the delivery status of products and delivering them to customers.,"Ideate and create delivery spiels for customers
Recruit volunteers to aid in the delivery of products
Manage onsite deliveries and trackers in partnership with the Operations committee","Upbeat demeanor and ability to make deliveries engaging for recipients
Ability to adapt and improvise to customer needs
Organized and able to note down delivery status consistently and accurately
Active onsite presence and ability to complete numerous shifts",,,,
jade-business-summit-docpub,Documentation & Publications (DOCPUB),,jade-business-summit,closed,"The Documentation and Publications committee handles the photo, video, and writing-related outputs of the project. Most of their work is done during and after the project proper, though some work (photoshoots/videoshoots, writing spiels for publicity materials) happens beforehand. Work is often delegated across the committee according to each member's preference and capabilities.","Responsible for conceptualizing content that will aid in the promotion of the event, usually but not limited to DPs, video content, and photo/video-related pubs.
Responsible for writing copy to support promotional materials.
Responsible for event documentation during the project proper and editing after the project proper.
Outputs created by DOCPUB must adhere to the project's branding guide as well as Celadon's official branding.","Photos: event photos, DP blast photoshoots, post-processing photos
Videos: teaser videos, promotional reels, post-event recap
Writing: captions or spiels for promotional posts, articles","Familiarity with camera equipment and photo/video editing software.
Familiarity with copywriting techniques.
Open to criticism and feedback that may lead to revisions.
A keen eye for identifying and executing suitable aesthetics for individual outputs.
Disciplined - able to complete deliverables on time and stay focused on the job.",,,,
jade-business-summit-exrel,External Relations (EXREL),,jade-business-summit,closed,"The External Relations committee handles the project's external stakeholders, more specifically, those whose agreements involve money. As such, the bulk of their work is done prior to the project proper.","Responsible for contacting and negotiating with sponsors for the project.
Responsible for ensuring that both sides of the agreement are met and that information relevant to specific individuals/groups in the project is relayed promptly and accurately.","Drafting the Memorandum of Agreement (MOA) to suit the needs of the project
Contacting potential sponsors for the project through email and other means
Negotiating with potential sponsors to reach an agreement
Processing files such as the Memorandum of Agreement (MOA), etc.
Keeping track of requirements of the agreement (e.g., likes, shares, logo placement, etc.)
Informing certain parties (e.g., Project Managers, PROG, etc.) about requirements relevant to them","Communication and negotiation skills
Persistence
Familiarity with mail merge (e.g., Mail Meteor)
Detail-oriented",,,,
jade-business-summit-faci-vols,Facilitators/Volunteers (FACI/VOLS),,jade-business-summit,closed,The Facilitators/Volunteers committee is in charge of handling facilitators or volunteers. Much of their work is done prior to the project and during the project proper. They work closely with Programs to communicate all relevant information to facilitators/volunteers.,"(FACI) Responsible for training facilitators, motivating them, and managing them during the project proper (with help from HR EBCB).
(VOLS) Responsible for briefing volunteers on their tasks.
Responsible for ensuring that facilitators/volunteers are sufficiently prepared and have all necessary materials.
Responsible for communicating with REC&SEC regarding the recruitment of facilitators/volunteers.","Faci cheat sheet/guide
Volunteers' general assembly
Facilitator training sessions
Participating in dry runs
Keeping facilitators/volunteers updated
Pre-event briefing
Post-event debriefing","(FACI) Experience being a facilitator
Communication skills",,,,
jade-business-summit-fr,Fundraising (FR),,jade-business-summit,closed,The Fundraising committee enables the project to happen by supplementing the project's budget with the profits from fundraising initiatives.,"Responsible for brainstorming and planning different ways to raise money for the project and ideating new, innovative, and attractive fundraising concepts.
Responsible for keeping track of cash flows for all fundraising activities and transferring the profits to where they are needed (typically to LOG).
Responsible for manning the fundraising booth or online store in a manner that complies with proper business ethics.","Fundraising initiatives
Financial tracker for cash flows
Buying and selling online (e.g., Ateneo Trade)
Tracking expenses, revenues, and profits
Creating promotional material for fundraising initiatives
Team ideating and research
Finding concessionaires for initiatives (depends on the project)","Enterprising spirit - enjoys earning money
Tenacity
Familiarity with the online marketplace
Keen eye for relevant trends and products in the market
Proactivity
Communication and persuasion skills",,,,
jade-business-summit-log,Logistics (LOG),,jade-business-summit,closed,The Logistics committee works behind the scenes to make the project happen.,"Responsible for securing the platform/venues for the project and all other required materials (e.g., prizes).
Responsible for movement/mobilization of people and goods.
Works closely with PROG to implement the program flow.","Sourcing/purchasing materials needed by the project
Securing the rooms (through forms), items, and other materials needed for the project proper.
Delivering the items to the necessary places.
Conceptualizing venue layout together with the Production Design Committee.
Arriving early on the event day to set up the booth/room/hall and packing up all the items and materials afterwards.
Ensuring that the movement of participants remains smooth.
Purchasing and handling the delivery of prizes or tokens of appreciation to participants.","Has the knowledge on how to secure rooms and purchase items or materials needed.
Alert - aware of everything that's going on and able to react quickly under pressure.",,,,
jade-business-summit-ops,Operations (OPS),,jade-business-summit,closed,The Operations committee oversees money-related transactions between Celadon and 3rd parties and creates systems and processes to facilitate the smooth flow of operations.,"Oversee money-related transactions between Celadon and 3rd parties.
Create systems and processes to facilitate the smooth flow of operations.","Create and program spreadsheets that monitor and log actions taken for an event (online and onsite sales of a product, remaining inventory of resources, etc.)
Create Google Forms for ordering processes
Manage onsite inventory and the pick-ups of online orders","Ability to design and program Excel spreadsheets
Detail oriented",,,,
jade-business-summit-prod,Production Design (PROD),,jade-business-summit,closed,"The Production Design committee is in charge of planning and executing the physical promotions for projects (in collaboration with PROG or other core team committees). The team utilizes current trends to not only improve publicity for projects but also provide entertainment and increase engagement (e.g., a quick game with varying prizes done prior to the event).","Responsible for ensuring that all kinds of promotional materials will not cause any detriment to anyone involved in the execution.
Responsible for ideating and creating props and items that will be physically utilized in a given project.
Responsible for the ideation and execution of the event design of a given onsite project.
Outputs created by PROD must adhere to the project's branding guidelines and Celadon's official branding.","Promotional plan - communicating with PROG to determine the specific onsite gimmicks to be executed.
Creating props for the project (if applicable)
Booth design/venue layout - plan the designs and physical props to be used on the booth or venue.
Communicating with DOCPUB to arrange DP shoots, ideate set design, and execute the vision.","Up-to-date - aware of marketing themes and gimmicks that can be applied to projects through onsite/physical craft/execution.
Creative - able to think of unique ways to design a given layout given available resources.
Resourceful - able to find ways to execute plans and gather materials in case of contingencies.
Diligent - able to execute all deliverables on time.
Sustainable - able to think of ways to reuse old materials and make designs reusable in the future.",,,,
jade-business-summit-prog,Programs (PROG),,jade-business-summit,closed,"The Programs committee makes up the core of most projects as their outputs typically manifest in the bulk of the project/event. Given this, the programs committee must always keep the project's participants/attendees in mind when designing the program and working on their other tasks/deliverables.","Responsible for conceptualizing and implementing the program of the project.
Responsible for the smooth running of the program throughout the event, ensuring that the project starts and ends on time, and that the participants/attendees are engaged and having fun.
Most of the work takes place before and during the project proper.","Program Flow (typically details time, duration, and what's going on at that time)
Operation Schedule (OpSched) (goes into greater detail than the program flow and may include materials needed, people involved, point persons, notes, etc.)
Invitation of Performers/Hosts/Speakers
Hosts' Script
PPT presentations (alongside Digital Creatives)
Modules consisting of activities such as icebreakers, games, etc.
Content for promotions (i.e., gimmicks, raffles, etc.)
Certificates & Tokens of Appreciation for Performers/Speakers/Hosts
Score trackers
Handling dry runs
Module cheat sheet/guide","Creative - able to think out of the box
Culturally Knowledgeable - able to apply cultural aspects to outputs
Quick-witted - able to adapt to changes quickly
Communication skills - able to relay information to/from multiple parties clearly",,,,
jade-business-summit-recsec,Recruitment & Secretariat (RECSEC),,jade-business-summit,closed,"The Recruitment and Secretariat committee works all throughout the project planning and execution phase to manage the recruitment, registration, and evaluation processes of the project. Also known as Recruitment & Strategy (RECSTRAT) when taking a more proactive, outreach-focused approach to recruitment.","Responsible for handling the recruitment of participants, facilitators, etc., depending on the nature of the project.
Responsible for the registration and post-project evaluation files.
Responsible for recruiting ambassadors (within and outside Celadon) and managing them.","Registration Forms/Sheets
Early Departure, Tardiness, and Absence Forms (EDTAFs)
Directory of participants' information
Sending invitations to participants (e.g., professors for TAW)
Interviewing participants/facilitators
Making groupings of participants
Handling movement of participants to (breakout) rooms during the event (alongside LOG)
Recruiting and managing project ambassadors
(Onsite) First touchpoints of participants; responsible for the registration booths.
(Onsite) Checking that participants have all the necessary documents needed to enter the event (Blue Pass, CAR Form, Health Kit, etc.).","Organized
Communication skills
Familiarity with Google Sheets and Forms",,,,
jade-business-summit-sales,Sales,,jade-business-summit,closed,The Sales committee handles everything to do with on-site sales of the project.,"Responsible for logging down orders and tracking sales using the tracking system.
Responsible for managing the on-site selling booth and marketing the products to customers during the on-site selling period.
Responsible for monitoring and ensuring the respectful and proper conduct of on-site selling matters.
Adapts to on-site selling circumstances to minimize losses and maximize sales.","Ideate strategies to attract attention towards products or services and bring them to customers
Layout of the assortment of products during onsite selling to maximize market reach and attention
Sign up for shifts in managing onsite selling booths
Roving with products to expand reach","Strong understanding of products and their value to customers for selling
Basic knowledge of starting and closing deals with customers
Persistence to make sales
Ability to adapt and improvise to customer needs
Capability to handle finances responsibly and note down sales consistently
Active onsite presence and ability to complete numerous shifts",,,,
leadership-development-program-cons,Concessionaires (CONS),,leadership-development-program,closed,The Concessionaires committee handles everything to do with concessionaires for the project.,"Responsible for looking for concessionaires, communicating with them, and addressing their questions and concerns.
Responsible for ensuring that both sides of the agreement are met and that information relevant to specific individuals/groups in the project is relayed promptly and accurately.","Making a database of potential concessionaires
Contacting potential concessionaires through email and other means
Detailing packages for concessionaires
Processing certain files/contracts/documents
Processing payments from concessionaires
Coordinating with other committees (i.e., LOG) regarding concessionaires' products, etc.","Communication and negotiation skills
Persistence
Familiarity with mail merge",,,,
leadership-development-program-dc,Digital Creatives (DC),,leadership-development-program,closed,"The Digital Creatives committee designs the visual identity of the project in the form of its promotions and other published materials. As such, much of their work is done prior to the project proper.","Responsible for the conceptualization and execution of creative digital promotions through outputs such as posters, GIFs, etc.
Responsible for conceptualizing content that will aid in the promotion of the event, such as DP shoots and posters (alongside DOCPUB and PROD).
Responsible for ensuring that all visual materials used in the project will have a consistent style/branding.
Must adhere to the branding of Celadon as presented in the official branding manual and project brand book.","Branding guide for the project - includes color scheme, font families, elements used in publicity material
Publicity Materials (PubMats) - DPs, Posters, GIFs, Primers, etc.
PPT template (for PROG)
Frame template for Photos (for DOCPUB)
Skins for live streams (for LOG)","Familiarity with Canva, Adobe Photoshop, Illustrator, etc., and basic graphic design principles.
Creative - able to ideate new and unique promotions.
Disciplined - able to keep up with deadlines and avoid cramming.
Consistent - able to stick to the branding of the project and maintain good quality of work.",,,,
leadership-development-program-deliveries,Deliveries,,leadership-development-program,closed,The Deliveries committee handles everything to do with on-site deliveries of the project.,Responsible for tracking the delivery status of products and delivering them to customers.,"Ideate and create delivery spiels for customers
Recruit volunteers to aid in the delivery of products
Manage onsite deliveries and trackers in partnership with the Operations committee","Upbeat demeanor and ability to make deliveries engaging for recipients
Ability to adapt and improvise to customer needs
Organized and able to note down delivery status consistently and accurately
Active onsite presence and ability to complete numerous shifts",,,,
leadership-development-program-docpub,Documentation & Publications (DOCPUB),,leadership-development-program,closed,"The Documentation and Publications committee handles the photo, video, and writing-related outputs of the project. Most of their work is done during and after the project proper, though some work (photoshoots/videoshoots, writing spiels for publicity materials) happens beforehand. Work is often delegated across the committee according to each member's preference and capabilities.","Responsible for conceptualizing content that will aid in the promotion of the event, usually but not limited to DPs, video content, and photo/video-related pubs.
Responsible for writing copy to support promotional materials.
Responsible for event documentation during the project proper and editing after the project proper.
Outputs created by DOCPUB must adhere to the project's branding guide as well as Celadon's official branding.","Photos: event photos, DP blast photoshoots, post-processing photos
Videos: teaser videos, promotional reels, post-event recap
Writing: captions or spiels for promotional posts, articles","Familiarity with camera equipment and photo/video editing software.
Familiarity with copywriting techniques.
Open to criticism and feedback that may lead to revisions.
A keen eye for identifying and executing suitable aesthetics for individual outputs.
Disciplined - able to complete deliverables on time and stay focused on the job.",,,,
leadership-development-program-exrel,External Relations (EXREL),,leadership-development-program,closed,"The External Relations committee handles the project's external stakeholders, more specifically, those whose agreements involve money. As such, the bulk of their work is done prior to the project proper.","Responsible for contacting and negotiating with sponsors for the project.
Responsible for ensuring that both sides of the agreement are met and that information relevant to specific individuals/groups in the project is relayed promptly and accurately.","Drafting the Memorandum of Agreement (MOA) to suit the needs of the project
Contacting potential sponsors for the project through email and other means
Negotiating with potential sponsors to reach an agreement
Processing files such as the Memorandum of Agreement (MOA), etc.
Keeping track of requirements of the agreement (e.g., likes, shares, logo placement, etc.)
Informing certain parties (e.g., Project Managers, PROG, etc.) about requirements relevant to them","Communication and negotiation skills
Persistence
Familiarity with mail merge (e.g., Mail Meteor)
Detail-oriented",,,,
leadership-development-program-faci-vols,Facilitators/Volunteers (FACI/VOLS),,leadership-development-program,closed,The Facilitators/Volunteers committee is in charge of handling facilitators or volunteers. Much of their work is done prior to the project and during the project proper. They work closely with Programs to communicate all relevant information to facilitators/volunteers.,"(FACI) Responsible for training facilitators, motivating them, and managing them during the project proper (with help from HR EBCB).
(VOLS) Responsible for briefing volunteers on their tasks.
Responsible for ensuring that facilitators/volunteers are sufficiently prepared and have all necessary materials.
Responsible for communicating with REC&SEC regarding the recruitment of facilitators/volunteers.","Faci cheat sheet/guide
Volunteers' general assembly
Facilitator training sessions
Participating in dry runs
Keeping facilitators/volunteers updated
Pre-event briefing
Post-event debriefing","(FACI) Experience being a facilitator
Communication skills",,,,
leadership-development-program-fr,Fundraising (FR),,leadership-development-program,closed,The Fundraising committee enables the project to happen by supplementing the project's budget with the profits from fundraising initiatives.,"Responsible for brainstorming and planning different ways to raise money for the project and ideating new, innovative, and attractive fundraising concepts.
Responsible for keeping track of cash flows for all fundraising activities and transferring the profits to where they are needed (typically to LOG).
Responsible for manning the fundraising booth or online store in a manner that complies with proper business ethics.","Fundraising initiatives
Financial tracker for cash flows
Buying and selling online (e.g., Ateneo Trade)
Tracking expenses, revenues, and profits
Creating promotional material for fundraising initiatives
Team ideating and research
Finding concessionaires for initiatives (depends on the project)","Enterprising spirit - enjoys earning money
Tenacity
Familiarity with the online marketplace
Keen eye for relevant trends and products in the market
Proactivity
Communication and persuasion skills",,,,
leadership-development-program-log,Logistics (LOG),,leadership-development-program,closed,The Logistics committee works behind the scenes to make the project happen.,"Responsible for securing the platform/venues for the project and all other required materials (e.g., prizes).
Responsible for movement/mobilization of people and goods.
Works closely with PROG to implement the program flow.","Sourcing/purchasing materials needed by the project
Securing the rooms (through forms), items, and other materials needed for the project proper.
Delivering the items to the necessary places.
Conceptualizing venue layout together with the Production Design Committee.
Arriving early on the event day to set up the booth/room/hall and packing up all the items and materials afterwards.
Ensuring that the movement of participants remains smooth.
Purchasing and handling the delivery of prizes or tokens of appreciation to participants.","Has the knowledge on how to secure rooms and purchase items or materials needed.
Alert - aware of everything that's going on and able to react quickly under pressure.",,,,
leadership-development-program-ops,Operations (OPS),,leadership-development-program,closed,The Operations committee oversees money-related transactions between Celadon and 3rd parties and creates systems and processes to facilitate the smooth flow of operations.,"Oversee money-related transactions between Celadon and 3rd parties.
Create systems and processes to facilitate the smooth flow of operations.","Create and program spreadsheets that monitor and log actions taken for an event (online and onsite sales of a product, remaining inventory of resources, etc.)
Create Google Forms for ordering processes
Manage onsite inventory and the pick-ups of online orders","Ability to design and program Excel spreadsheets
Detail oriented",,,,
leadership-development-program-prod,Production Design (PROD),,leadership-development-program,closed,"The Production Design committee is in charge of planning and executing the physical promotions for projects (in collaboration with PROG or other core team committees). The team utilizes current trends to not only improve publicity for projects but also provide entertainment and increase engagement (e.g., a quick game with varying prizes done prior to the event).","Responsible for ensuring that all kinds of promotional materials will not cause any detriment to anyone involved in the execution.
Responsible for ideating and creating props and items that will be physically utilized in a given project.
Responsible for the ideation and execution of the event design of a given onsite project.
Outputs created by PROD must adhere to the project's branding guidelines and Celadon's official branding.","Promotional plan - communicating with PROG to determine the specific onsite gimmicks to be executed.
Creating props for the project (if applicable)
Booth design/venue layout - plan the designs and physical props to be used on the booth or venue.
Communicating with DOCPUB to arrange DP shoots, ideate set design, and execute the vision.","Up-to-date - aware of marketing themes and gimmicks that can be applied to projects through onsite/physical craft/execution.
Creative - able to think of unique ways to design a given layout given available resources.
Resourceful - able to find ways to execute plans and gather materials in case of contingencies.
Diligent - able to execute all deliverables on time.
Sustainable - able to think of ways to reuse old materials and make designs reusable in the future.",,,,
leadership-development-program-prog,Programs (PROG),,leadership-development-program,closed,"The Programs committee makes up the core of most projects as their outputs typically manifest in the bulk of the project/event. Given this, the programs committee must always keep the project's participants/attendees in mind when designing the program and working on their other tasks/deliverables.","Responsible for conceptualizing and implementing the program of the project.
Responsible for the smooth running of the program throughout the event, ensuring that the project starts and ends on time, and that the participants/attendees are engaged and having fun.
Most of the work takes place before and during the project proper.","Program Flow (typically details time, duration, and what's going on at that time)
Operation Schedule (OpSched) (goes into greater detail than the program flow and may include materials needed, people involved, point persons, notes, etc.)
Invitation of Performers/Hosts/Speakers
Hosts' Script
PPT presentations (alongside Digital Creatives)
Modules consisting of activities such as icebreakers, games, etc.
Content for promotions (i.e., gimmicks, raffles, etc.)
Certificates & Tokens of Appreciation for Performers/Speakers/Hosts
Score trackers
Handling dry runs
Module cheat sheet/guide","Creative - able to think out of the box
Culturally Knowledgeable - able to apply cultural aspects to outputs
Quick-witted - able to adapt to changes quickly
Communication skills - able to relay information to/from multiple parties clearly",,,,
leadership-development-program-recsec,Recruitment & Secretariat (RECSEC),,leadership-development-program,closed,"The Recruitment and Secretariat committee works all throughout the project planning and execution phase to manage the recruitment, registration, and evaluation processes of the project. Also known as Recruitment & Strategy (RECSTRAT) when taking a more proactive, outreach-focused approach to recruitment.","Responsible for handling the recruitment of participants, facilitators, etc., depending on the nature of the project.
Responsible for the registration and post-project evaluation files.
Responsible for recruiting ambassadors (within and outside Celadon) and managing them.","Registration Forms/Sheets
Early Departure, Tardiness, and Absence Forms (EDTAFs)
Directory of participants' information
Sending invitations to participants (e.g., professors for TAW)
Interviewing participants/facilitators
Making groupings of participants
Handling movement of participants to (breakout) rooms during the event (alongside LOG)
Recruiting and managing project ambassadors
(Onsite) First touchpoints of participants; responsible for the registration booths.
(Onsite) Checking that participants have all the necessary documents needed to enter the event (Blue Pass, CAR Form, Health Kit, etc.).","Organized
Communication skills
Familiarity with Google Sheets and Forms",,,,
leadership-development-program-sales,Sales,,leadership-development-program,closed,The Sales committee handles everything to do with on-site sales of the project.,"Responsible for logging down orders and tracking sales using the tracking system.
Responsible for managing the on-site selling booth and marketing the products to customers during the on-site selling period.
Responsible for monitoring and ensuring the respectful and proper conduct of on-site selling matters.
Adapts to on-site selling circumstances to minimize losses and maximize sales.","Ideate strategies to attract attention towards products or services and bring them to customers
Layout of the assortment of products during onsite selling to maximize market reach and attention
Sign up for shifts in managing onsite selling booths
Roving with products to expand reach","Strong understanding of products and their value to customers for selling
Basic knowledge of starting and closing deals with customers
Persistence to make sales
Ability to adapt and improvise to customer needs
Capability to handle finances responsibly and note down sales consistently
Active onsite presence and ability to complete numerous shifts",,,,
osr-junior-analyst,Junior Analyst,osr,,closed,"Junior Analysts are OSR's deputy-level role, deployed as Recruitment & Secretariat (RecSec) or Operations core team members to different Celadon projects.","Deployed as RecSec/Operations core to different Celadon projects.
Assist the OSR Consultant Managers with evaluations, data gathering, individual consultations (ICs), and completing the sustainability report.
Participate in different OSR workshops and events.",,"Driven individuals who are eager to learn and work in order to create change and help Celadon improve.
Someone with bright, out-of-the-box ideas who enjoys technical work (especially Excel/Google Sheets) and communicates well with others.",,,,
rose-sale-cons,Concessionaires (CONS),,rose-sale,closed,The Concessionaires committee handles everything to do with concessionaires for the project.,"Responsible for looking for concessionaires, communicating with them, and addressing their questions and concerns.
Responsible for ensuring that both sides of the agreement are met and that information relevant to specific individuals/groups in the project is relayed promptly and accurately.","Making a database of potential concessionaires
Contacting potential concessionaires through email and other means
Detailing packages for concessionaires
Processing certain files/contracts/documents
Processing payments from concessionaires
Coordinating with other committees (i.e., LOG) regarding concessionaires' products, etc.","Communication and negotiation skills
Persistence
Familiarity with mail merge",,,,
rose-sale-dc,Digital Creatives (DC),,rose-sale,closed,"The Digital Creatives committee designs the visual identity of the project in the form of its promotions and other published materials. As such, much of their work is done prior to the project proper.","Responsible for the conceptualization and execution of creative digital promotions through outputs such as posters, GIFs, etc.
Responsible for conceptualizing content that will aid in the promotion of the event, such as DP shoots and posters (alongside DOCPUB and PROD).
Responsible for ensuring that all visual materials used in the project will have a consistent style/branding.
Must adhere to the branding of Celadon as presented in the official branding manual and project brand book.","Branding guide for the project - includes color scheme, font families, elements used in publicity material
Publicity Materials (PubMats) - DPs, Posters, GIFs, Primers, etc.
PPT template (for PROG)
Frame template for Photos (for DOCPUB)
Skins for live streams (for LOG)","Familiarity with Canva, Adobe Photoshop, Illustrator, etc., and basic graphic design principles.
Creative - able to ideate new and unique promotions.
Disciplined - able to keep up with deadlines and avoid cramming.
Consistent - able to stick to the branding of the project and maintain good quality of work.",,,,
rose-sale-deliveries,Deliveries,,rose-sale,closed,The Deliveries committee handles everything to do with on-site deliveries of the project.,Responsible for tracking the delivery status of products and delivering them to customers.,"Ideate and create delivery spiels for customers
Recruit volunteers to aid in the delivery of products
Manage onsite deliveries and trackers in partnership with the Operations committee","Upbeat demeanor and ability to make deliveries engaging for recipients
Ability to adapt and improvise to customer needs
Organized and able to note down delivery status consistently and accurately
Active onsite presence and ability to complete numerous shifts",,,,
rose-sale-docpub,Documentation & Publications (DOCPUB),,rose-sale,closed,"The Documentation and Publications committee handles the photo, video, and writing-related outputs of the project. Most of their work is done during and after the project proper, though some work (photoshoots/videoshoots, writing spiels for publicity materials) happens beforehand. Work is often delegated across the committee according to each member's preference and capabilities.","Responsible for conceptualizing content that will aid in the promotion of the event, usually but not limited to DPs, video content, and photo/video-related pubs.
Responsible for writing copy to support promotional materials.
Responsible for event documentation during the project proper and editing after the project proper.
Outputs created by DOCPUB must adhere to the project's branding guide as well as Celadon's official branding.","Photos: event photos, DP blast photoshoots, post-processing photos
Videos: teaser videos, promotional reels, post-event recap
Writing: captions or spiels for promotional posts, articles","Familiarity with camera equipment and photo/video editing software.
Familiarity with copywriting techniques.
Open to criticism and feedback that may lead to revisions.
A keen eye for identifying and executing suitable aesthetics for individual outputs.
Disciplined - able to complete deliverables on time and stay focused on the job.",,,,
rose-sale-exrel,External Relations (EXREL),,rose-sale,closed,"The External Relations committee handles the project's external stakeholders, more specifically, those whose agreements involve money. As such, the bulk of their work is done prior to the project proper.","Responsible for contacting and negotiating with sponsors for the project.
Responsible for ensuring that both sides of the agreement are met and that information relevant to specific individuals/groups in the project is relayed promptly and accurately.","Drafting the Memorandum of Agreement (MOA) to suit the needs of the project
Contacting potential sponsors for the project through email and other means
Negotiating with potential sponsors to reach an agreement
Processing files such as the Memorandum of Agreement (MOA), etc.
Keeping track of requirements of the agreement (e.g., likes, shares, logo placement, etc.)
Informing certain parties (e.g., Project Managers, PROG, etc.) about requirements relevant to them","Communication and negotiation skills
Persistence
Familiarity with mail merge (e.g., Mail Meteor)
Detail-oriented",,,,
rose-sale-faci-vols,Facilitators/Volunteers (FACI/VOLS),,rose-sale,closed,The Facilitators/Volunteers committee is in charge of handling facilitators or volunteers. Much of their work is done prior to the project and during the project proper. They work closely with Programs to communicate all relevant information to facilitators/volunteers.,"(FACI) Responsible for training facilitators, motivating them, and managing them during the project proper (with help from HR EBCB).
(VOLS) Responsible for briefing volunteers on their tasks.
Responsible for ensuring that facilitators/volunteers are sufficiently prepared and have all necessary materials.
Responsible for communicating with REC&SEC regarding the recruitment of facilitators/volunteers.","Faci cheat sheet/guide
Volunteers' general assembly
Facilitator training sessions
Participating in dry runs
Keeping facilitators/volunteers updated
Pre-event briefing
Post-event debriefing","(FACI) Experience being a facilitator
Communication skills",,,,
rose-sale-fr,Fundraising (FR),,rose-sale,closed,The Fundraising committee enables the project to happen by supplementing the project's budget with the profits from fundraising initiatives.,"Responsible for brainstorming and planning different ways to raise money for the project and ideating new, innovative, and attractive fundraising concepts.
Responsible for keeping track of cash flows for all fundraising activities and transferring the profits to where they are needed (typically to LOG).
Responsible for manning the fundraising booth or online store in a manner that complies with proper business ethics.","Fundraising initiatives
Financial tracker for cash flows
Buying and selling online (e.g., Ateneo Trade)
Tracking expenses, revenues, and profits
Creating promotional material for fundraising initiatives
Team ideating and research
Finding concessionaires for initiatives (depends on the project)","Enterprising spirit - enjoys earning money
Tenacity
Familiarity with the online marketplace
Keen eye for relevant trends and products in the market
Proactivity
Communication and persuasion skills",,,,
rose-sale-log,Logistics (LOG),,rose-sale,closed,The Logistics committee works behind the scenes to make the project happen.,"Responsible for securing the platform/venues for the project and all other required materials (e.g., prizes).
Responsible for movement/mobilization of people and goods.
Works closely with PROG to implement the program flow.","Sourcing/purchasing materials needed by the project
Securing the rooms (through forms), items, and other materials needed for the project proper.
Delivering the items to the necessary places.
Conceptualizing venue layout together with the Production Design Committee.
Arriving early on the event day to set up the booth/room/hall and packing up all the items and materials afterwards.
Ensuring that the movement of participants remains smooth.
Purchasing and handling the delivery of prizes or tokens of appreciation to participants.","Has the knowledge on how to secure rooms and purchase items or materials needed.
Alert - aware of everything that's going on and able to react quickly under pressure.",,,,
rose-sale-ops,Operations (OPS),,rose-sale,closed,The Operations committee oversees money-related transactions between Celadon and 3rd parties and creates systems and processes to facilitate the smooth flow of operations.,"Oversee money-related transactions between Celadon and 3rd parties.
Create systems and processes to facilitate the smooth flow of operations.","Create and program spreadsheets that monitor and log actions taken for an event (online and onsite sales of a product, remaining inventory of resources, etc.)
Create Google Forms for ordering processes
Manage onsite inventory and the pick-ups of online orders","Ability to design and program Excel spreadsheets
Detail oriented",,,,
rose-sale-prod,Production Design (PROD),,rose-sale,closed,"The Production Design committee is in charge of planning and executing the physical promotions for projects (in collaboration with PROG or other core team committees). The team utilizes current trends to not only improve publicity for projects but also provide entertainment and increase engagement (e.g., a quick game with varying prizes done prior to the event).","Responsible for ensuring that all kinds of promotional materials will not cause any detriment to anyone involved in the execution.
Responsible for ideating and creating props and items that will be physically utilized in a given project.
Responsible for the ideation and execution of the event design of a given onsite project.
Outputs created by PROD must adhere to the project's branding guidelines and Celadon's official branding.","Promotional plan - communicating with PROG to determine the specific onsite gimmicks to be executed.
Creating props for the project (if applicable)
Booth design/venue layout - plan the designs and physical props to be used on the booth or venue.
Communicating with DOCPUB to arrange DP shoots, ideate set design, and execute the vision.","Up-to-date - aware of marketing themes and gimmicks that can be applied to projects through onsite/physical craft/execution.
Creative - able to think of unique ways to design a given layout given available resources.
Resourceful - able to find ways to execute plans and gather materials in case of contingencies.
Diligent - able to execute all deliverables on time.
Sustainable - able to think of ways to reuse old materials and make designs reusable in the future.",,,,
rose-sale-prog,Programs (PROG),,rose-sale,closed,"The Programs committee makes up the core of most projects as their outputs typically manifest in the bulk of the project/event. Given this, the programs committee must always keep the project's participants/attendees in mind when designing the program and working on their other tasks/deliverables.","Responsible for conceptualizing and implementing the program of the project.
Responsible for the smooth running of the program throughout the event, ensuring that the project starts and ends on time, and that the participants/attendees are engaged and having fun.
Most of the work takes place before and during the project proper.","Program Flow (typically details time, duration, and what's going on at that time)
Operation Schedule (OpSched) (goes into greater detail than the program flow and may include materials needed, people involved, point persons, notes, etc.)
Invitation of Performers/Hosts/Speakers
Hosts' Script
PPT presentations (alongside Digital Creatives)
Modules consisting of activities such as icebreakers, games, etc.
Content for promotions (i.e., gimmicks, raffles, etc.)
Certificates & Tokens of Appreciation for Performers/Speakers/Hosts
Score trackers
Handling dry runs
Module cheat sheet/guide","Creative - able to think out of the box
Culturally Knowledgeable - able to apply cultural aspects to outputs
Quick-witted - able to adapt to changes quickly
Communication skills - able to relay information to/from multiple parties clearly",,,,
rose-sale-recsec,Recruitment & Secretariat (RECSEC),,rose-sale,closed,"The Recruitment and Secretariat committee works all throughout the project planning and execution phase to manage the recruitment, registration, and evaluation processes of the project. Also known as Recruitment & Strategy (RECSTRAT) when taking a more proactive, outreach-focused approach to recruitment.","Responsible for handling the recruitment of participants, facilitators, etc., depending on the nature of the project.
Responsible for the registration and post-project evaluation files.
Responsible for recruiting ambassadors (within and outside Celadon) and managing them.","Registration Forms/Sheets
Early Departure, Tardiness, and Absence Forms (EDTAFs)
Directory of participants' information
Sending invitations to participants (e.g., professors for TAW)
Interviewing participants/facilitators
Making groupings of participants
Handling movement of participants to (breakout) rooms during the event (alongside LOG)
Recruiting and managing project ambassadors
(Onsite) First touchpoints of participants; responsible for the registration booths.
(Onsite) Checking that participants have all the necessary documents needed to enter the event (Blue Pass, CAR Form, Health Kit, etc.).","Organized
Communication skills
Familiarity with Google Sheets and Forms",,,,
rose-sale-sales,Sales,,rose-sale,closed,The Sales committee handles everything to do with on-site sales of the project.,"Responsible for logging down orders and tracking sales using the tracking system.
Responsible for managing the on-site selling booth and marketing the products to customers during the on-site selling period.
Responsible for monitoring and ensuring the respectful and proper conduct of on-site selling matters.
Adapts to on-site selling circumstances to minimize losses and maximize sales.","Ideate strategies to attract attention towards products or services and bring them to customers
Layout of the assortment of products during onsite selling to maximize market reach and attention
Sign up for shifts in managing onsite selling booths
Roving with products to expand reach","Strong understanding of products and their value to customers for selling
Basic knowledge of starting and closing deals with customers
Persistence to make sales
Ability to adapt and improvise to customer needs
Capability to handle finances responsibly and note down sales consistently
Active onsite presence and ability to complete numerous shifts",,,,
spring-film-festival-cons,Concessionaires (CONS),,spring-film-festival,closed,The Concessionaires committee handles everything to do with concessionaires for the project.,"Responsible for looking for concessionaires, communicating with them, and addressing their questions and concerns.
Responsible for ensuring that both sides of the agreement are met and that information relevant to specific individuals/groups in the project is relayed promptly and accurately.","Making a database of potential concessionaires
Contacting potential concessionaires through email and other means
Detailing packages for concessionaires
Processing certain files/contracts/documents
Processing payments from concessionaires
Coordinating with other committees (i.e., LOG) regarding concessionaires' products, etc.","Communication and negotiation skills
Persistence
Familiarity with mail merge",,,,
spring-film-festival-dc,Digital Creatives (DC),,spring-film-festival,closed,"The Digital Creatives committee designs the visual identity of the project in the form of its promotions and other published materials. As such, much of their work is done prior to the project proper.","Responsible for the conceptualization and execution of creative digital promotions through outputs such as posters, GIFs, etc.
Responsible for conceptualizing content that will aid in the promotion of the event, such as DP shoots and posters (alongside DOCPUB and PROD).
Responsible for ensuring that all visual materials used in the project will have a consistent style/branding.
Must adhere to the branding of Celadon as presented in the official branding manual and project brand book.","Branding guide for the project - includes color scheme, font families, elements used in publicity material
Publicity Materials (PubMats) - DPs, Posters, GIFs, Primers, etc.
PPT template (for PROG)
Frame template for Photos (for DOCPUB)
Skins for live streams (for LOG)","Familiarity with Canva, Adobe Photoshop, Illustrator, etc., and basic graphic design principles.
Creative - able to ideate new and unique promotions.
Disciplined - able to keep up with deadlines and avoid cramming.
Consistent - able to stick to the branding of the project and maintain good quality of work.",,,,
spring-film-festival-deliveries,Deliveries,,spring-film-festival,closed,The Deliveries committee handles everything to do with on-site deliveries of the project.,Responsible for tracking the delivery status of products and delivering them to customers.,"Ideate and create delivery spiels for customers
Recruit volunteers to aid in the delivery of products
Manage onsite deliveries and trackers in partnership with the Operations committee","Upbeat demeanor and ability to make deliveries engaging for recipients
Ability to adapt and improvise to customer needs
Organized and able to note down delivery status consistently and accurately
Active onsite presence and ability to complete numerous shifts",,,,
spring-film-festival-docpub,Documentation & Publications (DOCPUB),,spring-film-festival,closed,"The Documentation and Publications committee handles the photo, video, and writing-related outputs of the project. Most of their work is done during and after the project proper, though some work (photoshoots/videoshoots, writing spiels for publicity materials) happens beforehand. Work is often delegated across the committee according to each member's preference and capabilities.","Responsible for conceptualizing content that will aid in the promotion of the event, usually but not limited to DPs, video content, and photo/video-related pubs.
Responsible for writing copy to support promotional materials.
Responsible for event documentation during the project proper and editing after the project proper.
Outputs created by DOCPUB must adhere to the project's branding guide as well as Celadon's official branding.","Photos: event photos, DP blast photoshoots, post-processing photos
Videos: teaser videos, promotional reels, post-event recap
Writing: captions or spiels for promotional posts, articles","Familiarity with camera equipment and photo/video editing software.
Familiarity with copywriting techniques.
Open to criticism and feedback that may lead to revisions.
A keen eye for identifying and executing suitable aesthetics for individual outputs.
Disciplined - able to complete deliverables on time and stay focused on the job.",,,,
spring-film-festival-exrel,External Relations (EXREL),,spring-film-festival,closed,"The External Relations committee handles the project's external stakeholders, more specifically, those whose agreements involve money. As such, the bulk of their work is done prior to the project proper.","Responsible for contacting and negotiating with sponsors for the project.
Responsible for ensuring that both sides of the agreement are met and that information relevant to specific individuals/groups in the project is relayed promptly and accurately.","Drafting the Memorandum of Agreement (MOA) to suit the needs of the project
Contacting potential sponsors for the project through email and other means
Negotiating with potential sponsors to reach an agreement
Processing files such as the Memorandum of Agreement (MOA), etc.
Keeping track of requirements of the agreement (e.g., likes, shares, logo placement, etc.)
Informing certain parties (e.g., Project Managers, PROG, etc.) about requirements relevant to them","Communication and negotiation skills
Persistence
Familiarity with mail merge (e.g., Mail Meteor)
Detail-oriented",,,,
spring-film-festival-faci-vols,Facilitators/Volunteers (FACI/VOLS),,spring-film-festival,closed,The Facilitators/Volunteers committee is in charge of handling facilitators or volunteers. Much of their work is done prior to the project and during the project proper. They work closely with Programs to communicate all relevant information to facilitators/volunteers.,"(FACI) Responsible for training facilitators, motivating them, and managing them during the project proper (with help from HR EBCB).
(VOLS) Responsible for briefing volunteers on their tasks.
Responsible for ensuring that facilitators/volunteers are sufficiently prepared and have all necessary materials.
Responsible for communicating with REC&SEC regarding the recruitment of facilitators/volunteers.","Faci cheat sheet/guide
Volunteers' general assembly
Facilitator training sessions
Participating in dry runs
Keeping facilitators/volunteers updated
Pre-event briefing
Post-event debriefing","(FACI) Experience being a facilitator
Communication skills",,,,
spring-film-festival-fr,Fundraising (FR),,spring-film-festival,closed,The Fundraising committee enables the project to happen by supplementing the project's budget with the profits from fundraising initiatives.,"Responsible for brainstorming and planning different ways to raise money for the project and ideating new, innovative, and attractive fundraising concepts.
Responsible for keeping track of cash flows for all fundraising activities and transferring the profits to where they are needed (typically to LOG).
Responsible for manning the fundraising booth or online store in a manner that complies with proper business ethics.","Fundraising initiatives
Financial tracker for cash flows
Buying and selling online (e.g., Ateneo Trade)
Tracking expenses, revenues, and profits
Creating promotional material for fundraising initiatives
Team ideating and research
Finding concessionaires for initiatives (depends on the project)","Enterprising spirit - enjoys earning money
Tenacity
Familiarity with the online marketplace
Keen eye for relevant trends and products in the market
Proactivity
Communication and persuasion skills",,,,
spring-film-festival-log,Logistics (LOG),,spring-film-festival,closed,The Logistics committee works behind the scenes to make the project happen.,"Responsible for securing the platform/venues for the project and all other required materials (e.g., prizes).
Responsible for movement/mobilization of people and goods.
Works closely with PROG to implement the program flow.","Sourcing/purchasing materials needed by the project
Securing the rooms (through forms), items, and other materials needed for the project proper.
Delivering the items to the necessary places.
Conceptualizing venue layout together with the Production Design Committee.
Arriving early on the event day to set up the booth/room/hall and packing up all the items and materials afterwards.
Ensuring that the movement of participants remains smooth.
Purchasing and handling the delivery of prizes or tokens of appreciation to participants.","Has the knowledge on how to secure rooms and purchase items or materials needed.
Alert - aware of everything that's going on and able to react quickly under pressure.",,,,
spring-film-festival-ops,Operations (OPS),,spring-film-festival,closed,The Operations committee oversees money-related transactions between Celadon and 3rd parties and creates systems and processes to facilitate the smooth flow of operations.,"Oversee money-related transactions between Celadon and 3rd parties.
Create systems and processes to facilitate the smooth flow of operations.","Create and program spreadsheets that monitor and log actions taken for an event (online and onsite sales of a product, remaining inventory of resources, etc.)
Create Google Forms for ordering processes
Manage onsite inventory and the pick-ups of online orders","Ability to design and program Excel spreadsheets
Detail oriented",,,,
spring-film-festival-prod,Production Design (PROD),,spring-film-festival,closed,"The Production Design committee is in charge of planning and executing the physical promotions for projects (in collaboration with PROG or other core team committees). The team utilizes current trends to not only improve publicity for projects but also provide entertainment and increase engagement (e.g., a quick game with varying prizes done prior to the event).","Responsible for ensuring that all kinds of promotional materials will not cause any detriment to anyone involved in the execution.
Responsible for ideating and creating props and items that will be physically utilized in a given project.
Responsible for the ideation and execution of the event design of a given onsite project.
Outputs created by PROD must adhere to the project's branding guidelines and Celadon's official branding.","Promotional plan - communicating with PROG to determine the specific onsite gimmicks to be executed.
Creating props for the project (if applicable)
Booth design/venue layout - plan the designs and physical props to be used on the booth or venue.
Communicating with DOCPUB to arrange DP shoots, ideate set design, and execute the vision.","Up-to-date - aware of marketing themes and gimmicks that can be applied to projects through onsite/physical craft/execution.
Creative - able to think of unique ways to design a given layout given available resources.
Resourceful - able to find ways to execute plans and gather materials in case of contingencies.
Diligent - able to execute all deliverables on time.
Sustainable - able to think of ways to reuse old materials and make designs reusable in the future.",,,,
spring-film-festival-prog,Programs (PROG),,spring-film-festival,closed,"The Programs committee makes up the core of most projects as their outputs typically manifest in the bulk of the project/event. Given this, the programs committee must always keep the project's participants/attendees in mind when designing the program and working on their other tasks/deliverables.","Responsible for conceptualizing and implementing the program of the project.
Responsible for the smooth running of the program throughout the event, ensuring that the project starts and ends on time, and that the participants/attendees are engaged and having fun.
Most of the work takes place before and during the project proper.","Program Flow (typically details time, duration, and what's going on at that time)
Operation Schedule (OpSched) (goes into greater detail than the program flow and may include materials needed, people involved, point persons, notes, etc.)
Invitation of Performers/Hosts/Speakers
Hosts' Script
PPT presentations (alongside Digital Creatives)
Modules consisting of activities such as icebreakers, games, etc.
Content for promotions (i.e., gimmicks, raffles, etc.)
Certificates & Tokens of Appreciation for Performers/Speakers/Hosts
Score trackers
Handling dry runs
Module cheat sheet/guide","Creative - able to think out of the box
Culturally Knowledgeable - able to apply cultural aspects to outputs
Quick-witted - able to adapt to changes quickly
Communication skills - able to relay information to/from multiple parties clearly",,,,
spring-film-festival-recsec,Recruitment & Secretariat (RECSEC),,spring-film-festival,closed,"The Recruitment and Secretariat committee works all throughout the project planning and execution phase to manage the recruitment, registration, and evaluation processes of the project. Also known as Recruitment & Strategy (RECSTRAT) when taking a more proactive, outreach-focused approach to recruitment.","Responsible for handling the recruitment of participants, facilitators, etc., depending on the nature of the project.
Responsible for the registration and post-project evaluation files.
Responsible for recruiting ambassadors (within and outside Celadon) and managing them.","Registration Forms/Sheets
Early Departure, Tardiness, and Absence Forms (EDTAFs)
Directory of participants' information
Sending invitations to participants (e.g., professors for TAW)
Interviewing participants/facilitators
Making groupings of participants
Handling movement of participants to (breakout) rooms during the event (alongside LOG)
Recruiting and managing project ambassadors
(Onsite) First touchpoints of participants; responsible for the registration booths.
(Onsite) Checking that participants have all the necessary documents needed to enter the event (Blue Pass, CAR Form, Health Kit, etc.).","Organized
Communication skills
Familiarity with Google Sheets and Forms",,,,
spring-film-festival-sales,Sales,,spring-film-festival,closed,The Sales committee handles everything to do with on-site sales of the project.,"Responsible for logging down orders and tracking sales using the tracking system.
Responsible for managing the on-site selling booth and marketing the products to customers during the on-site selling period.
Responsible for monitoring and ensuring the respectful and proper conduct of on-site selling matters.
Adapts to on-site selling circumstances to minimize losses and maximize sales.","Ideate strategies to attract attention towards products or services and bring them to customers
Layout of the assortment of products during onsite selling to maximize market reach and attention
Sign up for shifts in managing onsite selling booths
Roving with products to expand reach","Strong understanding of products and their value to customers for selling
Basic knowledge of starting and closing deals with customers
Persistence to make sales
Ability to adapt and improvise to customer needs
Capability to handle finances responsibly and note down sales consistently
Active onsite presence and ability to complete numerous shifts",,,,
